Id,Title,Original title,Description,Published at,Created at,Updated at
155,Эманация [Область действия],,"Эманация — это область эффекта, которая распространяется прямыми линиями от существа или объекта во всех направлениях. Эффект, создающий эманацию, указывает расстояние, на которое оно распространяется. Эманация движется вместе с существом или объектом, который является его источником, если только это не мгновенный или стационарный эффект. Источник эманациии (существо или объект) не включается в область эффекта, если его создатель не решит иначе.__",,2024-09-26 11:56:12 UTC,2024-09-26 11:56:12 UTC
154,Характеристика и Модификатор,,"Существо имеет шесть характеристик (Сила, Ловкость, Телосложение, Интеллект, Мудрость и Харизма) каждая из которых имеет соответствующий модификатор. Добавьте модификатор, когда вы выполняете D20 Тест с использованием соответствующей характеристики или когда правило требует этого. См. также главу 1 (Шесть Характеристик).",,2024-09-26 11:56:12 UTC,2024-09-26 11:56:12 UTC
153,Чувство Вибрации,,"Существо с Чувством Вибрации может точно определить местоположение существ и движущихся объектов в пределах определённого радиуса, при условии, что существо с Чувством Вибрации и объект, который оно определяет, находятся в контакте с одной и той же поверхностью (например, землёй, стеной или потолком) или одной и той же жидкостью. Чувство Вибрации не может обнаружить существ или объекты в воздухе и не считается формой зрения.",,2024-09-26 11:56:12 UTC,2024-09-26 11:56:12 UTC
152,Цилиндр [Область действия],,"Цилиндр — это область эффекта, которая распространяется по прямым линиям от исходной точки, расположенной в центре верхней или нижней круглой части цилиндра. Эффект, создающий цилиндр, указывает радиус основания цилиндра и его высоту. Исходная точка цилиндра включена в область эффекта.",,2024-09-26 11:56:12 UTC,2024-09-26 11:56:12 UTC
151,Цель,,"Целью является существо или объект, на которое направлен бросок атаки, вынужденное совершить спасбросок от эффекта или выбранное для получения эффекта заклинания или другого явления.",,2024-09-26 11:56:12 UTC,2024-09-26 11:56:12 UTC
150,Хиты,,"Хиты — это мера того, насколько сложно убить или уничтожить существо или объект. Урон уменьшает количество Хитов, а лечение восстанавливает их. Вы не можете иметь больше Хитов, чем ваш максимальный уровень Хитов, и не можете иметь меньше 0. См. также Разрушение объектов и главу 1 (Урон и Лечение).",,2024-09-26 11:56:12 UTC,2024-09-26 11:56:12 UTC
149,Характеристика и Модификатор,,"Существо имеет шесть характеристик (Сила, Ловкость, Телосложение, Интеллект, Мудрость и Харизма) каждая из которых имеет соответствующий модификатор. Добавьте модификатор, когда вы выполняете D20 Тест с использованием соответствующей характеристики или когда правило требует этого. См. также главу 1 (Шесть Характеристик).",,2024-09-26 11:56:12 UTC,2024-09-26 11:56:12 UTC
148,Уязвимость,,"Если у вас есть Уязвимость к типу урона, то урон этого типа удваивается против вас. Уязвимость применяется только один раз к случаю получения урона. См. также главу 1 (Урон и Лечение).",,2024-09-26 11:56:12 UTC,2024-09-26 11:56:12 UTC
147,Урон и Объекты,,"Некоторые типы урона могут быть особенно эффективны против объектов. Например, дробящий урон хорошо подходит для разрушения предметов, но не для их разрезания. Бумажные или тканевые объекты могут иметь уязвимость к урону огнём. 
**Порог Урона.** Крупные объекты, такие как стены замка, часто обладают дополнительной устойчивостью, выражаемой порогом урона. См. также «Порог Урона». 
**Отсутствие Характеристик.** Объект не обладает характеристиками, если правило не присваивает ему их. Без характеристик объект не может совершать проверки характеристик и автоматически проваливает все спасброски.",,2024-09-26 11:56:12 UTC,2024-09-26 11:56:12 UTC
146,Урон,,"Урон представляет собой вред, который вызывает потерю Хитов у существа или предмета.",,2024-09-26 11:56:12 UTC,2024-09-26 11:56:12 UTC
145,Укрытие,,"Укрытие предоставляет степень защиты для цели, находящейся за ним. Существуют три степени укрытия, каждая из которых предоставляет различные преимущества цели: • Укрытие на половину (+2 бонус к КД и спасброскам Ловкости); • Укрытие на три четверти (+5 бонус к КД и спасброскам Ловкости); • Полное укрытие (нельзя выбрать целью напрямую). Если цель находится за несколькими степенями укрытия, то она получает выгоду только от самой защищающей степени. См. также главу 1 (Сражение).",,2024-09-26 11:56:12 UTC,2024-09-26 11:56:12 UTC
144,Уклонение [Действие],,"Если вы совершаете действие Уклонение, то вы получаете следующие преимущества: до начала вашего следующего хода любая атака, совершенная против вас, совершается с Помехой, если вы видите атакующего, и вы совершаете спасброски Ловкости с Преимуществом. Вы теряете эти преимущества, если вы находитесь в состоянии Недееспособностный или если ваша Скорость равна 0.",,2024-09-26 11:56:12 UTC,2024-09-26 11:56:12 UTC
143,Удушье [Опасность],,"Существо может задерживать дыхание на количество минут, равное 1 + его модификатор Телосложения (минимум 30 секунд), перед началом удушья. Когда существо больше не может задерживать дыхание или задыхается, то оно получает 1 степень истощения в конце каждого своего хода. Когда существо снова может дышать, то оно снимает все степени истощения, полученные от удушья.",,2024-09-26 11:56:12 UTC,2024-09-26 11:56:12 UTC
142,Тёмное зрение,,"Если у вас есть Тёмное зрение, то вы можете видеть в тусклом свете в пределах указанного диапазона, как если бы это был яркий свет, а в пределах этого же диапазона в условиях полной тьмы — как если бы это был тусклый свет. Вы различаете цвета в этой тьме только в оттенках серого. См. также главу 1 (Исследование).",,2024-09-26 11:56:12 UTC,2024-09-26 11:56:12 UTC
141,Тьма,,Область Тьмы считается сильно заслонённой. См. также Сильно заслонённая область и главу 1 (Исследование).,,2024-09-26 11:56:12 UTC,2024-09-26 11:56:12 UTC
140,Тусклый свет,,Область с тусклым светом считается слабозаслонённой. См. также слабозаслонённая область и главу 1 (Исследование).,,2024-09-26 11:56:12 UTC,2024-09-26 11:56:12 UTC
139,Труднопроходимая местность,,"Если пространство является труднопроходимой местностью, то каждое перемещение в этом пространстве требует дополнительный 1 фут движения за каждый фут. Например, перемещение на 5 футов через труднопроходимую местность стоит 10 футов перемещения. Труднопроходимая местность не накапливается; либо пространство является труднопроходимой местностью, либо нет. Пространство считается труднопроходимой местностью, если в ней находится любое из следующего или что-то подобное: • Существо, которое не является Крошечным или вашим союзником • Мебель, предназначенная для существ вашего размера или больше • Густой снег или растительность • Много льда или обломков • Жидкость, глубиной от голени до пояса • Узкий проход, рассчитанный на существо размером на одну категорию меньше вас • Склон 20 градусов или больше",,2024-09-26 11:56:12 UTC,2024-09-26 11:56:12 UTC
138,Типы урона,,"Атаки и другие вредоносные эффекты могут наносить различные типы урона. Типы урона сами по себе не имеют правил, но другие правила, такие как сопротивление, зависят от типов урона. Таблица типов урона предоставляет примеры, чтобы помочь Мастеру назначить тип для нового эффекта. 
**Тип Примеры** Кислотный Коррозионные жидкости, пищеварительные ферменты Дробящий Тупые предметы, сжатие, падение Холодный Замерзшая вода, ледяные порывы Огненный Пламя, невыносимая жара Силовое поле Чистая магическая энергия Электрический Электричество, молния Некротический Энергия, высасывающая жизнь Колющий Клыки, прокалывающие предметы Ядовитый Токсичный газ, яд Психический Разрушительная для разума энергия Излучение Святая энергия, обжигающее излучение Рубящий Когти, режущие предметы Звуковой Сотрясающий звук",,2024-09-26 11:56:12 UTC,2024-09-26 11:56:12 UTC
137,Тип существа,,"Каждое существо, включая каждого персонажа игрока, имеет тег в правилах, определяющий его тип. Большинство персонажей игроков относятся к типу Гуманоид. Вот типы существ в игре: Абберция Элементаль Монстр Зверь Фея Слизь Небожитель Исчадие Растение Конструкт Великан Нежить Дракон Гуманоид Эти типы сами по себе не имеют правил, но некоторые правила в игре влияют на существ определённых типов различными способами.",,2024-09-26 11:56:12 UTC,2024-09-26 11:56:12 UTC
136,Телепортация,,"Телепортация — это особый вид магической транспортировки. Если вы телепортируетесь, то вы мгновенно исчезаете и появляетесь в другом месте, не проходя через промежуточное пространство. Эта транспортировка не тратит ваше перемещение, если правило не указывает иное, и телепортация никогда не вызывает Провоцированную Атаку. Когда вы телепортируетесь, то все ваше снаряжение, которое вы носите и несёте, телепортируется вместе с вами. Если при телепортации вы касаетесь другого существа, то это существо не телепортируется с вами, если иное не указано в эффекте телепортации. Если место назначения вашей телепортации занято другим существом или заблокировано твердым препятствием, то вы вместо этого появляетесь в ближайшем незанятом пространстве по вашему выбору. Описание эффекта телепортации указывает, нужно ли вам видеть место назначения телепортации.",,2024-09-26 11:56:12 UTC,2024-09-26 11:56:12 UTC
135,Телепатия,,"Телепатия — это магическая способность, позволяющая существу мысленно общаться с другим существом в пределах указанного диапазона. Если правило не указывает иное, контактируемому существу не обязательно знать язык телепата, чтобы понять это общение, но оно должно понимать хотя бы один язык или само обладать телепатией, чтобы понимать. Телепату не нужно видеть контактируемое существо, и он может начать или прекратить телепатический контакт в любое время (без затрат действия). Телепатический контакт не может быть установлен и немедленно разрывается, если телепат или другое существо находятся в состоянии Недееспособный. Телепатический контакт также разрывается, если контактируемое существо больше не находится в пределах диапазона телепатии или если телепат устанавливает контакт с другим существом в пределах диапазона. Существо без телепатии может принимать телепатические сообщения, но не может инициировать телепатический разговор. Как только телепатический разговор начался, то нетелепат может мысленно общаться с телепатом до завершения телепатического соединения.",,2024-09-26 11:56:12 UTC,2024-09-26 11:56:12 UTC
134,Сцена,,"Сцена — это ситуация в приключении, которая является частью хотя бы одного из трех столпов игры: социального взаимодействия, исследования или сражения. См. также главу 1 (Социальное взаимодействие, Исследование и Сражение).",,2024-09-26 11:56:12 UTC,2024-09-26 11:56:12 UTC
133,Схваченный [Состояние],,"Когда вы находитесь в состоянии Схваченный, то вы подвергаетесь следующим эффектам: 
**Скорость 0.** Ваша скорость равна 0 и не может быть увеличена. 
**Атаки.** Вы получаете Помеху на броски атаки против любой цели, кроме захватившего вас. 
**Перемещение.** Захватившее существо может тащить или нести вас, когда оно перемещается, но каждый фут его перемещения будет стоить ему 1 дополнительный фут, если только ваш размер не крошечный или на два размере меньше схватившего вас существа.",,2024-09-26 11:56:12 UTC,2024-09-26 11:56:12 UTC
132,Сфера [Область действия],,"Сфера — это область эффекта, которая распространяется по прямым линиям от исходной точки во всех направлениях. Эффект, создающий сферу, указывает расстояние её распространения, как радиус сферы. Исходная точка сферы включена в её область эффекта.",,2024-09-26 11:56:12 UTC,2024-09-26 11:56:12 UTC
131,Существо,,"Любой индивид в игре, включая персонажа игрока, является существом. См. также Тип существа.",,2024-09-26 11:56:12 UTC,2024-09-26 11:56:12 UTC
130,Статблок,,"Статблок содержит игровые характеристики монстра. Каждый статблок включает следующую информацию, представленную после имени монстра: 
**Размер.** Монстр может быть крошечным, маленьким, средним, большим, огромным или громадный. См. также Размер. 
**Тип Существа.** В этой записи указывается, к какому типу существ принадлежит монстр, а также любые описательные теги. См. также Тип Существа. 
**Мировоззрение.** Для монстра предлагается мировоззрение, при этом Мастер определяет его фактическое мировоззрение. См. также Мировоззрение. 
**КД, Инициатива и Хиты.** Эти записи содержат Класс Доспеха, Инициативу и Хиты монстра, которые подробно описаны в главе 1. В скобках после Хитов указаны Кости Хитов монстра, а также вклад его Телосложения, если таковой имеется, в Хиты. За модификатором Инициативы следует показатель Инициативы. Некоторые существа, созданные магией, не имеют информации о Костях Хитов и Инициативе. 
**Скорость.** Здесь указана Скорость монстра, а также любые особые скорости. См. также Скорость копания, Скорость лазания, Скорость полёта и скорость плавания. 
**Характеристики.** Таблица предоставляет характеристики монстра, модификаторы и модификаторы спасбросков, все из которых подробно описаны в главе 1. 
**Навыки.** В этой записи перечислены владения навыками монстра, если таковые имеются. См. также главу 1 (Владение). 
**Сопротивления и Уязвимости.** В этих записях перечислены Сопротивления и Уязвимости монстра, если таковые имеются. См. также Сопротивление и Уязвимость. 
**Иммунитеты.** В этом разделе перечислены Иммунитеты монстра к урону и состояниям, если таковые имеются. См. также Иммунитет. 
**Снаряжение.** Если у монстра есть какое-либо снаряжение, которое можно передать или получить, то оно указано в этой записи. 
**Чувства.** В этой записи перечислены особые чувства монстра, такие как Тёмное зрение, и его Пассивная Внимательность (ПВ). См. также Пассивная Внимательность. 
**Языки.** В этой записи перечислены любые языки, которые знает монстр. 
**ПО.** Показатель Опасности суммирует угрозу, которую представляет монстр, и подробно описан в Бестиарии. Следом указываются Опыт, который персонажи получают за победу над монстром, и его Бонус Мастерства. Некоторые существа, созданные магией, не имеют ПО. См. также Показатель Опасности и Опыт. 
**Особенности.** Особенности монстра, если таковые имеются, являются активными в любое время или в определённых ситуациях. 
**Действия.** Монстр может совершать эти действия в дополнение к тем, которые подробно описаны в этом глоссарии. См. также главу 1 (Действия). 
**Бонусные Действия.** Если у монстра есть варианты Бонусных Действий, то они перечислены в этом разделе. 
**Реакции.** Если монстр может совершать особые Реакции, то они перечислены в этом разделе. 
**Обозначение Атаки.** Запись об атаке монстра начинается с указания, является ли атака рукопашной или дальнобойной, затем указывается бонус к броску атаки, её досягаемость или дальность, а также то, что происходит при попадании. Атака направлена на одну цель, если в записи не указано иное. 
**Обозначение Эффекта Спасброска.** Если эффект вынуждает сделать спасбросок, то запись эффекта начинается с указания типа требуемого спасброска, затем указывается Сл спасброска, описание того, какие существа должны совершить спасбросок, и что происходит при провале или успешном спасброске. 
**Обозначение Урона.** Блок статистики обычно предоставляет как статическое значение, так и выражение с костями для каждого случая нанесения урона. Например, атака может нанести 4 (1к4 + 2) урона при попадании. Мастер определяет, использовать ли статическое значение или выражение с костями в скобках; оба варианта одновременно не используются.",,2024-09-26 11:56:12 UTC,2024-09-26 11:56:12 UTC
129,Стабилизированный,,"Существо считается стабилизированным, если у него 0 хитов, но ему не нужно выполнять спасброски от смерти. См. также главу 1 (Урон и Лечение).",,2024-09-26 11:56:12 UTC,2024-09-26 11:56:12 UTC
128,Спасбросок от смерти,,"Персонаж Игрока должен сделать Спасбросок от смерти, если он начинает свой ход с 0 Хитов. См. также главу 1 (Урон и Лечение).",,2024-09-26 11:56:12 UTC,2024-09-26 11:56:12 UTC
127,Спасбросок,,"Спасбросок представляет собой попытку избежать или сопротивляться опасности. Обычно вы делаете спасбросок только тогда, когда правило требует этого, но вы можете решить провалить спасбросок не делая бросок. Результат спасброска подробно описан в эффекте, который его вызывает. Если цель вынуждена сделать спасбросок и не имеет характеристики, используемой для него, то цель автоматически терпит провал. См. также главу 1 (D20 Тест).",,2024-09-26 11:56:12 UTC,2024-09-26 11:56:12 UTC
126,Союзник,,"Существо является вашим союзником, если оно является членом вашей партии приключенцев, вашим другом, находится на вашей стороне в бою или если правила или Мастер определяют его как вашего союзника.",,2024-09-26 11:56:12 UTC,2024-09-26 11:56:12 UTC
125,Состояние,,"Состояние — это временный игровой статус. Определение конкретного состояния описывает, как оно влияет на его обладателя, а различные правила определяют, как завершить это состояние. Этот глоссарий описывает следующие состояния: Ослеплённый Схваченный Отравленный Очарованный Недееспособный Лежащий ничком Оглохший Невидимый Опутанный Истощенный Парализованный Ошеломлённый Испуганный Окаменевший Бессознательный Состояния не накапливаются; обладатель либо находится в состоянии, либо нет. Состояние Истощенный является исключением из этого правила. См. также главу 1 (Состояния).",,2024-09-26 11:56:12 UTC,2024-09-26 11:56:12 UTC
124,Сопротивление,,"Если у вас есть Сопротивление к типу урона, то урон этого типа против вас сокращается наполовину (округляется в меньшую сторону). Сопротивление применяется только один раз к каждому случаю нанесения урона. См. также главу 1 (Урон и Лечение).",,2024-09-26 11:56:12 UTC,2024-09-26 11:56:12 UTC
123,Смерть,,"Мёртвое существо не имеет Хитов и не может их восстановить, если оно не будет сначала воскрешено магией, такой как заклинания Слабое воскрешение или Возрождение. Когда такое заклинание накладывается, то дух знает, кто его накладывает, и может отказаться. Дух мёртвого существа покинул тело и отправился на Внешние Планы и для его воскрешения требуется вернуть дух обратно. Если существо возвращается к жизни, то эффект воскрешения определяет текущее количество его Хитов. Если не указано иное, то существо возвращается к жизни с любыми состояниями, магическими эффектами или проклятиями, которые действовали на него во время смерти, если продолжительность этих эффектов ещё не истекла. Если существо умерло с любым количеством степеней истощенного, то оно возвращается с потерей одной степени истощенного. Если существо было настроено на один или несколько магических предметов, то оно теряет настройку на них.",,2024-09-26 11:56:12 UTC,2024-09-26 11:56:12 UTC
122,Сложность,,Сложность (Сл) — это целевое число для проверки характеристики или спасброска. См. также главу 1 (D20 Тесты).,,2024-09-26 11:56:12 UTC,2024-09-26 11:56:12 UTC
121,Слепое зрение,,"Если вы обладаете Слепым зрением, то вы видите в определенном радиусе, не полагаясь на физическое зрение. В пределах этого радиуса вы видите все, что не находится за Полным укрытием, даже если вы находитесь в состоянии Ослепления или в темноте. Более того, в этом радиусе вы видите существ, находящихся в состоянии Невидимый.",,2024-09-26 11:56:12 UTC,2024-09-26 11:56:12 UTC
120,Слабо заслонённое,,"Вы получаете Помеху на проверки Мудрости (Внимательность), чтобы увидеть что-то в Слабо заслонённом пространстве. См. также тусклый свет и главу 1 (Исследование).",,2024-09-26 11:56:12 UTC,2024-09-26 11:56:12 UTC
119,Скорость полёта,,"Скорость полёта можно использовать для передвижения по воздуху. Пока у вас есть скорость полёта, то вы можете оставаться в воздухе до тех пор, пока не приземлитесь, не упадёте или не умрёте. См. также Полёт и Скорость.",,2024-09-26 11:56:12 UTC,2024-09-26 11:56:12 UTC
118,Скорость плавания,,"Скорость плавания позволяет плавать без расхода дополнительного перемещения, обычно связанного с плаванием. См. также Плавание и Скорость.",,2024-09-26 11:56:12 UTC,2024-09-26 11:56:12 UTC
117,Скорость лазания,,"Скорость лазания можно использовать вместо Скорости для перемещения по вертикальной поверхности без затраты дополнительного движения, которое обычно требуется для лазания. См. также разделы Лазание и Скорость.",,2024-09-26 11:56:12 UTC,2024-09-26 11:56:12 UTC
116,Скорость Копания,,"Существо, обладающее Скоростью Копания, может использовать её, чтобы перемещаться через песок, землю, грязь или лёд. Существо не может копать сквозь твёрдую скалу, если у него нет особенности, которая позволяет это делать. См. также «Скорость».",,2024-09-26 11:56:12 UTC,2024-09-26 11:56:12 UTC
115,Скорость,,"Существо имеет Скорость. Она определяет расстояние в футах, которое существо может преодолеть, когда перемещается в свой ход. См. также Лазание, Ползание, Полёт, Прыжки, Плавание и главу 1 (Сражение). 
**Особые скорости.** Некоторые существа имеют особые скорости, такие как скорость копания, скорость лазания, скорость полёта или скорость плавания, каждая из которых определяется в этом глоссарии. Если у вас есть более одной скорости, то выберите, какую из них использовать, когда вы перемещаетесь; вы можете переключаться между скоростями во время перемещения. Каждый раз, когда вы переключаетесь, вычтите уже пройденное расстояние из новой скорости. Полученный результат определяет, насколько ещё вы можете перемещаться. Если результат равен 0 или меньше, то вы не можете использовать новую скорость в текущем перемещении. Например, если у вас есть скорость 30 и скорость полёта 40, то вы можете пролететь 10 футов, пройти 10 футов и затем снова взлететь, чтобы пролететь ещё 20 футов. 
**Изменения вашей скорости.** Если эффект увеличивает или уменьшает вашу скорость на определённое время, то любая особая скорость, которую вы имеете, увеличивается или уменьшается на такое же значение на то же время. Например, если ваша скорость уменьшена до 0 и у вас есть скорость лазания, то ваша скорость лазания также уменьшается до 0. Аналогично, если ваша скорость уменьшается наполовину и у вас есть скорость полёта, то ваша скорость полёта также уменьшается наполовину.",,2024-09-26 11:56:12 UTC,2024-09-26 11:56:12 UTC
114,Сильно заслонённое,,"Вы получаете состояние Ослеплённый, когда пытаетесь что-либо увидеть в Сильно заслонённой местности. См. также: Ослеплённый, Тьма и главу 1 (Исследование).",,2024-09-26 11:56:12 UTC,2024-09-26 11:56:12 UTC
113,Свободное пространство,,"Пространство является свободным, если в нем нет существ и оно не полностью заполнено объектами.",,2024-09-26 11:56:12 UTC,2024-09-26 11:56:12 UTC
112,Рывок [Действие],,"Когда вы используете действие Рывок, то вы получаете дополнительное перемещение в текущий ход. Это увеличение равно вашей Скорости после применения любых модификаторов. Например, со Скоростью 30 футов вы можете перемещаться до 60 футов в свой ход, если используете действие рывок. Если ваша Скорость в 30 футов снижена до 15 футов, то вы можете перемещаться до 30 футов в этот ход, если используете действие рывок. Если у вас есть особая скорость, такая как скорость полёта или скорость плавания, то вы можете использовать эту скорость вместо вашей обычной Скорости, когда выполняете это действие. Вы выбираете, какую скорость использовать каждый раз, когда выполняете это действие. См. также раздел Скорость.",,2024-09-26 11:56:12 UTC,2024-09-26 11:56:12 UTC
111,Ритуал,,"Если у вас подготовлено заклинание с меткой Ритуал, то вы можете наложить это заклинание как Ритуал. Ритуальная версия заклинания требует на 10 минут больше времени для наложения, чем обычно. Она также не расходует ячейку заклинания, что не позволяет наложить это заклинания более высоким уровнем. См. также главу 7.",,2024-09-26 11:56:12 UTC,2024-09-26 11:56:12 UTC
110,Реакция,,"Реакция — это особое действие, совершаемое в ответ на триггер, определенный в описании Реакции. Вы можете совершить Реакцию во время хода другого Существа, и если вы совершаете её в свой ход, то вы можете сделать это, даже если также совершаете действие, бонусное действие или оба. Как только вы совершаете Реакцию, то вы не можете совершать ещё одну до начала вашего следующего хода. Провоцированная атака — это Реакция, доступная всем существам. См. также Провоцированные Атаки и главу 1 (Действия).",,2024-09-26 11:56:12 UTC,2024-09-26 11:56:12 UTC
109,Разрушение Объектов,,"Объекты могут быть повреждены атаками и некоторыми заклинаниями, используя правила ниже. Если объект чрезвычайно хрупок, то Мастер может позволить существу разрушить его автоматически с помощью действия Атака или Использование. Класс Доспеха**.** Таблица Класса Доспеха Объектов предлагает значения КД для различных материалов. 
**Класс Доспеха Объектов** 
**КД Материал КД Материал** 11 Ткань, бумага, веревка 19 Железо, сталь 13 Кристалл, стекло, лед 21 Мифрил 15 Дерево 23 Адамантин 17 Камень 
**Хиты.** Объект уничтожается, когда у него 0 хитов. Таблица Хитов Объектов предлагает значения хитов для хрупких и устойчивых объектов, которые имеют размер Большой или меньше. Для отслеживания хитов для Огромного или Гигантского объекта разделите его на секции размером с Большой или меньше, и отслеживайте хиты каждой секции отдельно. Мастер решает, вызывает ли разрушение части объекта обрушение всего предмета. 
**Хиты Объектов** 
**Размер Хрупкий Устойчивый** Крошечный (бутылка, замок) 2 (1к4) 5 (2к4) Маленький (сундук, лютня) 3 (1к6) 10 (3к6) Средний (бочка, люстра) 4 (1к8) 18 (4к8) Большой (телега, обеденный стол) 5 (1к10) 27 (5к10) 
**Типы Урона и Объекты.** Объекты обладают иммунитетом к урону ядом и психической энергией. Мастер может решить, что некоторые типы урона более или менее эффективны против объекта. Например, дробящий урон хорошо подходит для того, чтобы что-то разбить, но не для того, чтобы что-то разрезать. Бумажные или тканевые объекты могут иметь уязвимость к урону огнём. 
**Порог урона.** Большие объекты, такие как стены замка, часто обладают дополнительной стойкостью, представленной порогом урона. См. также «Порог урона». 
**Отсутствие характеристик.** Объект не имеет характеристик, если правило не назначает объекту характеристики. Без характеристик объект не может совершать проверки характеристик и проваливает все спасброски.",,2024-09-26 11:56:12 UTC,2024-09-26 11:56:12 UTC
108,Размер,,"Существо или предмет принадлежат к одной из категорий размера: Крошечный, Маленький, Средний, Большой, Огромный или Громадный. Размер существа определяет, сколько места оно занимает в бою. Размер предмета влияет на его Хиты. См. также Разрушение предметов и главу 1 (Сражение).",,2024-09-26 11:56:12 UTC,2024-09-26 11:56:12 UTC
107,Равнодушный [Отношение],,"Равнодушное существо не стремится ни помогать вам, ни мешать вам. Равнодушие — это стандартное отношение монстра. См. также Влияние.",,2024-09-26 11:56:12 UTC,2024-09-26 11:56:12 UTC
106,Прыжок в длину,,"Когда вы совершаете прыжок в длину, то вы прыгаете горизонтально на количество футов, равное вашему показателю Силы, если вы переместились хотя бы на 10 футов непосредственно перед прыжком. Если вы совершаете прыжок в длину с места, то вы можете прыгнуть только на половину этого расстояния. В любом случае каждый фут прыжка стоит один фут перемещения. Если вы приземляетесь на труднопроходимую местность, то вам нужно преуспеть в проверке Ловкость (Акробатика) со Сл 10, иначе вы получите состояние Лежащий ничком. Это правило для прыжка в длину предполагает, что высота прыжка не имеет значения, например, при прыжке через ручей или ущелье. По усмотрению Мастера, вам может потребоваться преуспеть в проверке Сила (Атлетика) со Сл 10, чтобы преодолеть низкое препятствие (не выше четверти расстояния прыжка), например, изгородь или низкую стену. В противном случае вы столкнётесь с препятствием.",,2024-09-26 11:56:12 UTC,2024-09-26 11:56:12 UTC
105,Прыжок в высоту,,"При выполнении прыжка в высоту вы прыгаете в воздух на количество футов, равное 3 + ваш модификатор Силы (минимум 0 футов), если вы перед этим перемещаетесь пешком на расстояние не менее 10 футов. Если вы выполняете прыжок с места, то вы можете прыгнуть только на половину этого расстояния. В любом случае каждый фут прыжка требует одного фута перемещения. Вы можете вытянуть руки на половину своей высоты над собой во время прыжка. Таким образом, вы можете достичь высоты, равной высоте прыжка плюс 1,5 вашей высоты.",,2024-09-26 11:56:12 UTC,2024-09-26 11:56:12 UTC
104,Прыжки,,"Когда вы прыгаете, то вы выполняете либо прыжок в длинну (горизонтальный), либо прыжок в высоту (вертикальный). См. также прыжок в длинну и прыжок в высоту.",,2024-09-26 11:56:12 UTC,2024-09-26 11:56:12 UTC
103,Проклятия,,"Некоторые игровые эффекты накладывают проклятье на существо или предмет. Эффект, накладывающий проклятье, определяет, что оно делает. Проклятия могут быть сняты заклинаниями Снятие проклятия и Высшее восстановление или другой магией, которая явно снимает проклятия.",,2024-09-26 11:56:12 UTC,2024-09-26 11:56:12 UTC
102,Продолжительный отдых,,"Продолжительный Отдых — это период время простоя, длительностью не менее 8 часов, доступный любому существу. Во время Продолжительного Отдыха вы спите не менее 6 часов и выполняете не более 2 часов лёгкой активности, такой как чтение, разговоры, приём пищи или дежурство. Во время сна на вас накладывается состояние Бессознательный. После завершения Продолжительного Отдыха вы должны подождать не менее 16 часов перед тем, как начать следующий. 
**Преимущества отдыха.** Чтобы начать продолжительный отдых, у вас должен быть как минимум 1 хит. Когда вы завершаете отдых, то вы получаете следующие эффекты: • **Возврат всех хитов**. Вы восстанавливаете все потерянные хиты и все потраченные Кости Хитов. Если ваш максимальный запас хитов был уменьшен, то он возвращается к норме. • **Восстановление Характеристик.** Если какая-либо из ваших Характеристик была уменьшена, то она возвращается к норме. • **Уменьшение Истощения.** Если у вас есть состояние Истощённый, то его степень снижается на 1. • **Особенность.** Некоторые особенности восстанавливаются после Продолжительного Отдыха. Если у вас есть такая особенность, то она восстанавливается в соответствии с её описанием. 
**Прерывание отдыха.** продолжительный отдых прерывается следующими событиями: • Бросок инициативы • Использование заклинания, кроме заговора. • Получение любого урона • 1 час ходьбы или другой физической активности Если вы отдыхали как минимум 1 час до прерывания, то вы получаете преимущества Короткого Отдыха. См. также короткий отдых. Вы можете продолжить продолжительный отдых сразу после прерывания. В этом случае отдых требует на 1 час больше за каждое прерывание, чтобы завершиться.__",,2024-09-26 11:56:12 UTC,2024-09-26 11:56:12 UTC
101,Провоцированная атака,,"Вы можете совершить Провоцированную Атаку, когда Существо, которое вы видите, покидает радиус вашей досягаемости, используя своё действие, Бонусное Действие, Реакцию или одну из своих скоростей. Чтобы совершить Провоцированную Атаку, используйте Реакцию для нанесения одной рукопашной атаки оружием или Безоружного удара против провоцирующего Существа. Атака происходит непосредственно перед тем, как Существо покидает ваш радиус досягаемости. См. также главу 1 (Сражение).",,2024-09-26 11:56:12 UTC,2024-09-26 11:56:12 UTC
100,Проверка Характеристики,,"Проверка характеристики — это D20 Тест (D от английского слова Dice - кость), представляющий использование одной из шести характеристик или конкретного навыка, связанного с характеристикой, для преодоления задачи. См. также главу 1 («D20 Тесты» и «Владение»).",,2024-09-26 11:56:12 UTC,2024-09-26 11:56:12 UTC
99,Приключение,,Приключение — это серия встреч. История развивается в ходе их прохождения. См. также «Встреча».,,2024-09-26 11:56:12 UTC,2024-09-26 11:56:12 UTC
98,Преимущество,,"Если у вас есть Преимущество на D20 Тест, то бросьте две к20 и используйте больший результат. На один бросок не может влиять более, чем одно Преимущество. Преимущество и Помеха на одном броске отменяют друг друга. См. также главу 1 («D20 Тесты»).",,2024-09-26 11:56:12 UTC,2024-09-26 11:56:12 UTC
97,Превращение,,"Если эффект, такой как Дикая форма или заклинание Превращение, позволяет вам превращаться, то его описание указывает, что с вами происходит. Если в этом описании не указано иное, то все действующие на вас эффекты (состояния, заклинания, проклятия и тому подобное) сохраняются при смене формы. Вы возвращаетесь в свою истинную форму, если умираете.",,2024-09-26 11:56:12 UTC,2024-09-26 11:56:12 UTC
96,Порог урона,,"Существо или объект, имеющий порог урона, обладает иммунитетом ко всему урону, если только он не получает урон от одной атаки или эффекта, равный или превышающий его порог урона. В таком случае он получает весь этот урон целиком. Любой урон, который не достигает или не превышает порог урона, является поверхностным и не снижает хиты. Например, если объект имеет порог урона 10, то он не получает урона, если ему нанесли 9 урона, так как этот урон не превышает порог. Если тому же объекту наносится 11 урона, то он получает весь этот урон.",,2024-09-26 11:56:12 UTC,2024-09-26 11:56:12 UTC
95,Помощь [Действие],,"Когда вы используете действие Помощь, вы выполняете одно из следующих действий: 
**Помощь в Проверке Характеристики.** Выберите одно из ваших владений навыками или инструментами и одного союзника, который находится достаточно близко, чтобы вы могли помочь ему словесно или физически во время выполнения проверки характеристики. Этот союзник получает Преимущество на следующую проверку характеристики с использованием выбранного навыка или инструмента. Этот бонус теряет силу, если союзник не использует его до начала вашего следующего хода. Мастер имеет последнее слово в том, возможна ли ваша помощь. 
**Помощь в Броске атаки.** Вы кратковременно отвлекаете врага, находящегося в пределах 5 футов от вас, предоставляя Преимущество на следующий бросок атаки одного из ваших союзников против этого врага. Этот бонус теряет силу в начале вашего следующего хода.",,2024-09-26 11:56:12 UTC,2024-09-26 11:56:12 UTC
94,Помеха,,"Если у вас есть Помеха на D20 Тест, то бросьте две к20 и используйте меньший результат. На один бросок не может влиять более, чем одна Помеха. Преимущество и Помеха на одном броске отменяют друг друга. См. также главу 1 («D20 Тесты»).",,2024-09-26 11:56:12 UTC,2024-09-26 11:56:12 UTC
93,Полёт,,"Ряд эффектов позволяет существу летать. Во время полёта вы падаете, если получаете состояние недееспособный или лежащий ничком, или если ваша скорость полёта снижена до 0. Вы можете оставаться в воздухе в этих условиях, если можете парить. См. также Падение и Скорость полёта.",,2024-09-26 11:56:12 UTC,2024-09-26 11:56:12 UTC
92,Ползание,,"Когда вы ползаете, то каждый фут передвижения стоит на 1 фут больше (на 2 фута больше в труднопроходимой местности). См. также Скорость.",,2024-09-26 11:56:12 UTC,2024-09-26 11:56:12 UTC
91,Показатель Опасности,,"Показатель Опасности (ПО) суммирует угрозу, которую монстр представляет для группы из четырёх персонажей игрока. Сравните ПО монстра с уровнем персонажей. Если ПО выше, то монстр, вероятно, представляет опасность. Если ПО ниже, то монстр, вероятно, представляет незначительную угрозу. Однако обстоятельства и количество персонажей игрока могут значительно изменить угрозу, которую представляет монстр в реальной игре. Руководство Мастера даёт Мастеру советы по использованию ПО при планировании потенциальных боевых столкновений. См. также «статблок».",,2024-09-26 11:56:12 UTC,2024-09-26 11:56:12 UTC
90,Поиск [Действие],,"Когда вы выполняете действие Поиск, то вы делаете проверку Мудрости, чтобы обнаружить что-то неочевидное. Таблица Поиска предлагает, какие навыки применимы при выполнении этого действия, в зависимости от того, что вы пытаетесь обнаружить. 
**Поиск** 
**Навык Обнаруживаемый объект** Проницательность Состояние разума существа Медицина Недуг существа или причину смерти Внимательность Скрытое существо или предмет Выживание Следы или пищу",,2024-09-26 11:56:12 UTC,2024-09-26 11:56:12 UTC
89,Подготовка [Действие],,"Вы совершаете действие Подготовка, чтобы подождать наступления определенного обстоятельства, прежде чем действовать. Для этого вы совершаете это действие на своём ходу, что позволяет вам действовать, совершая Реакцию до начала вашего следующего хода. Сначала вы решаете, какое воспринимаемое обстоятельство вызовет вашу Реакцию. Затем вы выбираете действие, которое предпримете в ответ на этот триггер, или выбираете перемещение на расстояние, равное вашей Скорости, в ответ на этот триггер. Например: «Если культист наступит на люк, то я дёрну за рычаг, который его откроет» и «Если зомби подойдет ко мне, то я отойду». Когда происходит триггер, вы можете либо совершить свою Реакцию сразу после завершения триггера, либо игнорировать триггер. Когда вы Подготавливаете заклинание, то вы накладываете его как обычно (расходуя любые ресурсы, используемые для его наложения), но удерживаете его энергию, которую вы выпускаете с помощью своей Реакции, когда происходит триггер. Для подготовки заклинания оно должно иметь время наложения в одно действие, и удержание магии заклинания требует Концентрации, которую вы можете поддерживать до начала вашего следующего хода. Если ваша Концентрация нарушается, то заклинание рассеивается, не оказав эффекта.__",,2024-09-26 11:56:12 UTC,2024-09-26 11:56:12 UTC
88,Плавание,,"Во время плавания каждая единица перемещения требует на 1 дополнительную единицу больше (на 2 дополнительные единицы в труднопроходимой местности). Вы игнорируете эту дополнительную стоимость, если у вас есть скорость плавания и вы используете её для плавания. По решению Мастера, для перемещения в бурной воде может потребоваться успешная проверка Силы (Атлетика) со Сл 15.",,2024-09-26 11:56:12 UTC,2024-09-26 11:56:12 UTC
87,Персонаж Мастера,,"Персонаж Мастера (ПМ, ПМ, Non Player Character) — это Монстр, у которого есть личное имя и ярко выраженная личность. См. также Монстр.",,2024-09-26 11:56:12 UTC,2024-09-26 11:56:12 UTC
86,Персонаж Игрока,,"Персонаж игрока — это персонаж, которым управляет игрок. См. также главу 2.",,2024-09-26 11:56:12 UTC,2024-09-26 11:56:12 UTC
85,Пассивная Внимательность,,"Пассивная Внимательность (ПВ) — это показатель, отражающий общую осведомлённость существа о его окружении. Мастер использует этот показатель, чтобы определить, заметит ли существо что-то, не совершая осознанную проверку Мудрости (Внимательность). Пассивная Внимательность существа равна 10 + бонус существа к проверке Мудрости (Внимательность). Если существо имеет Преимущество на такие проверки, то увеличьте показатель на 5. Если у существа Помеха на такие проверки, то уменьшите показатель на 5. Например, персонаж 1 уровня с Мудростью 15 и владением Внимательностью имеет Пассивную Внимательность 14 (10 + 2 + 2). Если у этого персонажа есть Преимущество на проверки Мудрости (Внимательность), то показатель становится 19.",,2024-09-26 11:56:12 UTC,2024-09-26 11:56:12 UTC
84,Парение,,"Некоторые существа могут парить, что указано в их статблоках, и некоторые заклинания и другие эффекты предоставляют возможность парить. Парение во время полёта предотвращает падение в определённых обстоятельствах. См. также Полёт.",,2024-09-26 11:56:12 UTC,2024-09-26 11:56:12 UTC
83,Парализованный [Состояние],,"Когда вы находитесь в состоянии Парализованный, то вы подвергаетесь следующим эффектам: 
**Недееспособный.** Вы получаете состояние недееспособный. 
**Скорость 0.** Ваша Скорость равна 0 и не может быть увеличена. 
**Спасброски.** Вы автоматически проваливаете спасброски Силы и Ловкости. 
**Атаки.** Броски Атак против вас совершаются с Преимуществом. 
**Критические попадания.** Любая Атака, которая попадает по вам, становится критическим попаданием, если нападающий находится в пределах 5 футов от вас.",,2024-09-26 11:56:12 UTC,2024-09-26 11:56:12 UTC
82,Падение [Опасность],,"Существо, которое падает, получает 1к6 дробящего урона в конце падения за каждые 10 футов падения, с максимальным уроном в 20к6. Когда существо приземляется, то оно получает состояние Лежащий ничком, если не избежит получения урона от падения. Существо, которое падает в воду или другую жидкость, может использовать свою Реакцию, чтобы совершить проверку Силы (Атлетика) или Ловкости (Акробатика) со Сл 15, чтобы удариться о поверхность головой или ногами вперёд. В случае успешной проверки любой урон от падения уменьшается наполовину.",,2024-09-26 11:56:12 UTC,2024-09-26 11:56:12 UTC
81,Ошеломлённый [Состояние],,"Пока вы находитесь в состоянии Ошеломлённый, то вы подвергаетесь следующим эффектам: 
**Недееспособный.** Вы находитесь в состоянии Недееспособный. 
**Спасброски.** Вы автоматически проваливаете спасброски Силы и Ловкости. 
**Атаки.** По вам совершаются атаки с Преимуществом.",,2024-09-26 11:56:12 UTC,2024-09-26 11:56:12 UTC
80,Очарованный [Состояние],,"Когда вы находитесь под состоянием Очарованный, то вы подвергаетесь следующим эффектам: 
**Не можете навредить очаровавшему.** Вы не можете атаковать очаровавшего вас или использовать против него способности или магические эффекты, наносящие урон. 
**Социальное **Преимущество**.** Очаровавший имеет Преимущество на любые проверки характеристик, связанные с социальным взаимодействием с вами.",,2024-09-26 11:56:12 UTC,2024-09-26 11:56:12 UTC
79,Отход [Действие],,"Если вы совершаете действие Отход, то ваше перемещение не вызывает Провоцированные атаки до конца текущего хода.",,2024-09-26 11:56:12 UTC,2024-09-26 11:56:12 UTC
78,Отравленный [Состояние],,"Пока вы находитесь в состоянии Отравленный, то вы подвергаетесь следующим эффектам: 
**Проверки Характеристик и Атаки.** Вы совершаете броски атаки и проверки характеристик с Помехой.",,2024-09-26 11:56:12 UTC,2024-09-26 11:56:12 UTC
77,Отношение,,"Монстр имеет исходное отношение к персонажу игрока: Дружелюбное, Враждебное или Равнодушное. См. также Дружелюбное, «Враждебное», Равнодушное и Влияние.",,2024-09-26 11:56:12 UTC,2024-09-26 11:56:12 UTC
76,Ослеплённый [Состояние],,"Когда вы находитесь в состоянии Ослеплённый, то вы подвергаетесь следующим эффектам: 
**Не видите.** Вы не видите и автоматически проваливаете любые проверки характеристик, требующую зрения. 
**Атаки затруднены.** Броски атаки против вас совершаются с Преимуществом, а ваши броски атаки совершаются с Помехой.",,2024-09-26 11:56:12 UTC,2024-09-26 11:56:12 UTC
75,Оружие,,"Оружие — это предмет, который относится к категории Простое или Воинское оружие. См. также главу 6 (Оружие).",,2024-09-26 11:56:12 UTC,2024-09-26 11:56:12 UTC
74,Опыт,,"Когда персонажи преодолевают трудности и завершают приключения, то они зарабатывают Опыт, которые назначаются Мастером. Когда общее количество Опыта персонажа пересекает определенные пороги, то уровень персонажа увеличивается. Руководство Мастера предоставляет рекомендации по награждению Опытом. См. также главу 2 (Повышение уровня).",,2024-09-26 11:56:12 UTC,2024-09-26 11:56:12 UTC
73,Опутанный [Состояние],,"Пока вы находитесь в состоянии Опутанный, то вы подвергаетесь следующим эффектам: 
**Скорость 0.** Ваша Скорость равна 0 и не может быть увеличена. 
**Атаки.** Броски Атаки против вас совершаются с Преимуществом, а ваши броски Атаки совершаются с Помехой. 
**Спасброски.** Вы совершаете спасброски Ловкости с Помехой.",,2024-09-26 11:56:12 UTC,2024-09-26 11:56:12 UTC
72,Опасность,,"Опасность — это угроза, исходящая из окружающей среды. См. также: Горение, Обезвоживание, Падение, Недоедание и Удушье.",,2024-09-26 11:56:12 UTC,2024-09-26 11:56:12 UTC
71,Округление вниз,,"Когда вы делите или умножаете число в игре, то округляйте вниз, если результат получается дробным, даже если дробь составляет половину или больше. Некоторые правила делают исключение и говорят вам округлять вверх.",,2024-09-26 11:56:12 UTC,2024-09-26 11:56:12 UTC
70,Окровавленный,,"Существо является Окровавленным, если у него осталось половина или меньше хитов.",,2024-09-26 11:56:12 UTC,2024-09-26 11:56:12 UTC
69,Окаменевший [Состояние],,"Пока вы находитесь в состоянии Окаменевший, то вы подвергаетесь следующим эффектам: 
**Преобразование в неорганическое веще-** 
**ство.** Вы превращаетесь вместе с любыми немагическими предметами, которые вы носите и держите, в твёрдое неорганическое вещество (обычно камень). Ваш вес увеличивается в десять раз и вы перестаёте стареть. 
**Недееспособный.** Вы находитесь в состоянии Недееспособный. 
**Скорость 0.** Ваша скорость равна 0 и не может быть увеличена. 
**Атаки.** Броски атаки против вас совершаются с Преимуществом. 
**Спасброски.** Вы автоматически проваливаете спасброски Силы и Ловкости. 
**Сопротивление урону.** Вы имеете Сопротивление ко всему урону. 
**Иммунитет к яду.** Вы имеете Иммунитет к состоянию Отравленный.",,2024-09-26 11:56:12 UTC,2024-09-26 11:56:12 UTC
68,Одновременные Эффекты,,"Если два или более события происходят одновременно в ход, человек за игровым столом (игрок или Мастер) на чьём ходу это происходит, решает порядок, в котором эти события происходят. Например, если два эффекта возникают в начале хода Персонажа Игрока, то игрок решает, какой из эффектов произойдёт первым.",,2024-09-26 11:56:12 UTC,2024-09-26 11:56:12 UTC
67,Одержимость,,"Некоторые эффекты могут заставить существо быть одержимым другим существом или сущностью. Эффект одержимости определяет, как работает одержимость. Одержимость может быть предотвращена наложением заклинания Защита от добра и зла и снята наложением заклинанием Рассеивание добра и зла.",,2024-09-26 11:56:12 UTC,2024-09-26 11:56:12 UTC
66,Оглохший [Состояние],,"Когда вы находитесь в состоянии Оглохший, то вы подвергаетесь следующим эффектам: 
**Не можете слышать.** Вы не можете слышать и автоматически проваливаете любую Проверку Характеристики, основанную на слухе.",,2024-09-26 11:56:12 UTC,2024-09-26 11:56:12 UTC
65,Объект,,"Объект — это неживой, обособленный предмет. Составные предметы, такие как здания, состоят из нескольких Объектов. См. также Разрушение Объектов.",,2024-09-26 11:56:12 UTC,2024-09-26 11:56:12 UTC
64,Область действия,,"Описание многих заклинаний и других особенностей указывает, что у них есть область действия, которая, как правило, имеет одну из шести форм. Эти формы определены в другом месте в этом глоссарии: Конус Цилиндр Линия Куб Эманация Сфера Область действия имеет исходную точку — место, откуда исходит энергия эффекта. Правила для каждой формы указывают, как позиционировать её исходную точку. Если все прямые линии, исходящие от исходной точки к месту в области действия, заблокированы, это место не включается в область действия. Чтобы заблокировать линию, преграда должна обеспечивать Полное Укрытие. См. также «Укрытие». Если создатель области действия размещает её в невидимой точке, и между создателем и этой точкой находится преграда, такая как стена, то исходная точка возникает на рукопашной стороне преграды.",,2024-09-26 11:56:12 UTC,2024-09-26 11:56:12 UTC
63,Обезвоживание [Опасность],,"Существо требует определённое количество воды в день в зависимости от его размера, как указано в таблице «Потребность воды в день». Существо, которое выпивает меньше половины необходимого количества воды в день, получает 1 степень состояния истощенный в конце дня. Истощенный, вызванный обезвоживанием, не может быть снято, пока существо не выпьет полный объём необходимой воды за день. См. также «Истощение». 
**Потребность воды в день** 
**Размер Вода Размер Вода** Крошечный 1/4 галлона Большой 4 галлона Маленький 1 галлон Огромный 16 галлонов Средний 1 галлон Громадный 64 галлона",,2024-09-26 11:56:12 UTC,2024-09-26 11:56:12 UTC
62,Нокаутирование существа,,"Когда вы собираетесь уменьшить количество Хитов существа до 0 с помощью рукопашной атаки, то вы можете вместо этого уменьшить количество его Хитов до 1. Существо получает состояние Бессознательный и начинает короткий отдых. Существо остается Бессознательным, пока не восстановит какие-либо Хиты или пока кто-то не использует действие, чтобы оказать ему первую помощь, что требует успешной проверки Мудрости (Медицина) со Сл 10.",,2024-09-26 11:56:12 UTC,2024-09-26 11:56:12 UTC
61,Недоедание [Опасность],,"Существо нуждается в определённом количестве пищи в день, в зависимости от его размера, как показано в таблице «Потребность в пище в день». Существо, которое питается, но потребляет меньше половины необходимой пищи за день, должно преуспеть в спасброске Телосложения со Сл 10, иначе оно получает 1 степень Истощения в конце дня. Существо, которое ничего не ело в течение 5 дней, автоматически получает 1 степень Истощения в конце пятого дня, а также дополнительную степень в конце каждого последующего дня без пищи. Истощение, вызванное недоеданием, не может быть снято до тех пор, пока существо не съест полное количество пищи, необходимое за день. См. также Истощенный. 
**Потребность в пище в день** 
**Размер Еда Размер Еда** Крошечный 1/4 фунта Большой 4 фунта Маленький 1 фунт Огромный 16 фунтов Средний 1 фунт Громадный 64 фунта",,2024-09-26 11:56:12 UTC,2024-09-26 11:56:12 UTC
60,Недееспособный [Состояние],,"Когда вы находитесь под состоянием Недееспособный, то вы подвергаетесь следующим эффектам: 
**Без действий.** Вы не можете совершать Действия, Бонусные Действия или Реакции. 
**Отсутствие **Концентрации**.** Ваша Концентрация прерывается. 
**Немота.** Вы не можете говорить. 
**Застигнут Врасплох.** Если вы находитесь под состоянием Недееспособный, когда бросаете Инициативу, вы совершаете бросок с Помехой.",,2024-09-26 11:56:12 UTC,2024-09-26 11:56:12 UTC
59,Невидимый [Состояние],,"Когда вы находитесь в состоянии Невидимости, то вы подвергаетесь следующим эффектам: 
**Неожиданность.** Если вы Невидимы, когда бросаете Инициативу, то у вас есть Преимущество на этот бросок. 
**Скрытность.** Вы не подвержены эффектам, которые требуют, чтобы цель была видимой. За исключением случаев, когда создатель эффекта каким-то образом видит вас. Любое снаряжение, которое вы носите или несёте, также скрыто. 
**Влияние на Атаки.** Броски атаки против вас совершаются с Помехой, а ваши броски атаки имеют Преимущество. Если существо каким-то образом может видеть вас, то вы не получаете этого эффекта против него.",,2024-09-26 11:56:12 UTC,2024-09-26 11:56:12 UTC
58,Настройка,,"Некоторые магические предметы требуют, чтобы существо установило связь (называемую настройкой) с предметом, прежде чем существо сможет использовать магические свойства этого предмета. Существо может иметь настройку не более чем с тремя магическими предметами одновременно. См. также главу 6 (Магические предметы).",,2024-09-26 11:56:12 UTC,2024-09-26 11:56:12 UTC
57,Навык,,"Навык — это область специализации, связанная с проверкой Характеристики. Если вы владеете навыком, то вы можете добавить свой Бонус Мастерства, когда выполняете проверку Характеристики, связанную с этим навыком. См. также главу 1 (Владение).",,2024-09-26 11:56:12 UTC,2024-09-26 11:56:12 UTC
56,Монстр,,"Монстр — это существо, контролируемое Мастером, даже если Существо дружественное. См. также Существо и ПМ.",,2024-09-26 11:56:12 UTC,2024-09-26 11:56:12 UTC
55,Мировоззрение,,"Мировоззрение существа в общих чертах описывает его этические установки и идеалы. Мировоззрение — это комбинация двух факторов: один определяет мораль (добро, зло или нейтральность), а другой описывает отношение к порядку (закон, хаос или нейтральность). Эти факторы позволяют создать девять возможных комбинаций, таких как Законопослушно Добрый и Нейтрально Злой. См. также глава 2 («Создание Персонажа»).",,2024-09-26 11:56:12 UTC,2024-09-26 11:56:12 UTC
54,Владение,,"Если у вас есть владение в чем-то, то вы можете добавить свой Бонус мастерства к любому D20 Тесту, который вы совершаете, используя это. Существо может владеть навыком, спасброском, оружием или инструментом. См. также главу 1 (Владение).",,2024-09-26 11:56:12 UTC,2024-09-26 11:56:12 UTC
53,Магия [Действие],,"Когда вы совершаете действие Магия, то вы накладываете заклинание, время накладывания которого составляет действие, или используете способность или магический предмет, для активации которых требуется действие Магия. Если вы накладываете заклинание, время накладывания которого составляет 1 минуту или больше, то вы должны совершать действие Магии на каждом ходу во время накладывания, и вы должны поддерживать концентрацию, пока это делаете. Если ваша концентрация прервана, то заклинание проваливается, но вы не расходуете ячейку заклинаний. См. также Концентрацию.",,2024-09-26 11:56:12 UTC,2024-09-26 11:56:12 UTC
52,Магический эффект,,"Эффект считается магическим, если он создан заклинанием, магическим предметом или явлением, которое правилами обозначено как магическое.",,2024-09-26 11:56:12 UTC,2024-09-26 11:56:12 UTC
51,Лист персонажа,,"Лист персонажа — это бумажный или цифровой документ, который вы используете для отслеживания информации о вашем персонаже. См. также главу 2.",,2024-09-26 11:56:12 UTC,2024-09-26 11:56:12 UTC
50,Линия [Область действия],,"Линия — это область воздействия, которая простирается от исходной точки по прямому пути на расстояние своей длины и охватывает область в стороны, определяемую её шириной. Эффект, создающий линию, указывает её длину и ширину. Исходная точка линии не включается в область действия, если её создатель не решит иначе.",,2024-09-26 11:56:12 UTC,2024-09-26 11:56:12 UTC
49,Лечение,,Лечение — это способ восстановления хитов. См. также главу 1 (Урон и Лечение).,,2024-09-26 11:56:12 UTC,2024-09-26 11:56:12 UTC
48,Лежащий ничком [Состояние],,"Пока вы находитесь в состоянии лежащий ничком, то вы подвергаетесь следующим эффектам: 
**Ограниченное Перемещение.** Ваши единственные варианты перемещения — это Ползание или трата количества перемещения, равного половине вашей Скорости (округляется в меньшую сторону), чтобы встать и таким образом снять это состояние. Если ваша Скорость равна 0, то вы не можете встать. 
**Влияние на Атаки.** У вас Помеха на броски атаки. Бросок атаки против вас имеет Преимущество, если атакующий находится в пределах 5 футов от вас. В противном случае этот бросок атаки совершается с Помехой.",,2024-09-26 11:56:12 UTC,2024-09-26 11:56:12 UTC
47,Лазание,,"Когда вы лазаете, то каждый фут перемещения стоит на 1 фут больше (на 2 фута больше на труднопроходимой местности). Вы игнорируете эту дополнительную стоимость, если у вас есть скорость лазания, и вы её используете для лазания. На усмотрение Мастера, для подъёма по скользкой поверхности или поверхности с малым количеством выступов может потребоваться успешная проверка Силы (Атлетика) Сл 15.",,2024-09-26 11:56:12 UTC,2024-09-26 11:56:12 UTC
46,Куб [Область действия],,"Куб — это область эффекта, которая распространяется по прямым линиям от исходной точки, расположенной на любой из граней куба. Эффект, создающий куб, указывает его размер, который равен длине каждой стороны. Исходная точка куба не включается в область эффекта, если создатель не решит иначе.",,2024-09-26 11:56:12 UTC,2024-09-26 11:56:12 UTC
45,Критическое попадание,,"Если вы выбрасываете 20 на к20 при броске атаки, то вы совершаете критическое попадание и атака попадает независимо от любых модификаторов или КД цели. Критическое попадание позволяет вам бросить дополнительные кости для урона атаки по цели. Бросьте все кости урона атаки дважды и сложите их результаты. Затем добавьте любые соответствующие модификаторы. См. также главу 1 (Урон и Лечение).",,2024-09-26 11:56:12 UTC,2024-09-26 11:56:12 UTC
44,Кость Хитов,,"Кость Хитов помогает определить максимальные Хиты персонажа игрока, как объяснено в главе 2. Большинство монстров также имеют Кости Хитов. Существо может использовать Кости Хитов во время Короткого Отдыха, чтобы восстановить Хиты. См. также короткий отдых.",,2024-09-26 11:56:12 UTC,2024-09-26 11:56:12 UTC
43,Короткий Отдых,,"Короткий отдых — это час простоя, в течение которого существо не занимается ничем более напряжённым, чем чтение, разговоры, приём пищи или дежурство. Чтобы начать короткий отдых, вы должны иметь не менее 1 хита. 
**Преимущества отдыха.** По окончании отдыха вы получаете следующие эффекты: 
**Трата костей хитов.** Вы можете потратить одну или несколько своих костей хитов, чтобы восстановить хиты. За каждую потраченную таким образом кость хитов, бросьте кость и добавьте к результату ваш модификатор Телосложения. Вы восстанавливаете хиты, равные сумме броска и бонуса (минимум 1 хит). Вы можете решить потратить ли дополнительную кость хитов после каждого броска. 
**Особенности.** Некоторые особенности восстанавливаются при коротком отдыхе. Если у вас есть такая особенность, то она восстанавливается так, как указано в её описании. 
**Прерывание отдыха**. короткий отдых прерывается следующими событиями: • Бросок инициативы • Наложение заклинания, кроме заговора • Получение урона Прерванный короткий отдых не даёт никаких преимуществ.",,2024-09-26 11:56:12 UTC,2024-09-26 11:56:12 UTC
42,Концентрация,,"Некоторые заклинания и другие эффекты требуют Концентрации, чтобы оставаться активными, как указано в их описаниях. Если создатель эффекта теряет Концентрацию, то эффект заканчивается. Если у эффекта есть максимальная длительность, то в его описании указано, как долго создатель может концентрироваться на нём: до 1 минуты, 1 часа или другой длительности. Создатель может прекратить Концентрацию в любой момент (не требуется действие). Следующие факторы нарушают Концентрацию: 
**Другой эффект, требующий **Концентрации**.** Вы теряете Концентрацию на эффекте в момент, когда начинаете накладывать заклинание, требующее Концентрации, или активируете другой эффект, требующий Концентрации. 
**Урон.** Если вы получаете урон, то вы должны успешно пройти спасбросок Телосложения, чтобы сохранить Концентрацию. Сл проверки равна 10 или половине полученного урона (округляется в меньшую сторону), в зависимости от того, какое число больше, но не более Сл 30. 
**Состояние Бессознательный или смерть.** Ваша Концентрация заканчивается, если вы получаете состояние Бессознательный или умираете.",,2024-09-26 11:56:12 UTC,2024-09-26 11:56:12 UTC
41,Конус [Область действия],,"Конус — это область действия, которая распространяется прямыми линиями от исходной точки в направлении, выбранном его создателем. Ширина конуса в любой точке вдоль его длины равна расстоянию от этой точки до исходной точки. Например, конус имеет ширину 15 футов в точке, находящейся на расстоянии 15 футов от исходной точки. Эффект, создающий конус, указывает его максимальную длину. Исходная точка конуса не включается в область действия, если создатель не решит иначе.",,2024-09-26 11:56:12 UTC,2024-09-26 11:56:12 UTC
40,Компетентность,,"Компетентность — это особенность, которая улучшает использование вами владения навыком. Когда вы совершаете Проверку Характеристики с использованием навыка, в котором у вас есть Компетентность, то ваш Бонус Мастерства удваивается для этой проверки, если только бонус не удваивается другой особенностью. Если вы получаете Компетентность, то вы получаете его в одном навыке, которым вы уже владеете. Вы не можете иметь Компетентность в одном и том же навыке более одного раза. См. также главу 1 (Владение).",,2024-09-26 11:56:12 UTC,2024-09-26 11:56:12 UTC
39,Класс доспеха,,"Класс Доспеха (КД) — это целевое число для броска атаки. КД представляет собой сложность попадания по цели. Ваш базовый КД рассчитывается как 10 + ваш модификатор Ловкости. Если правило даёт вам другой способ расчёта базового КД, то вы выбираете, какой способ расчёта использовать; нельзя использовать более одного способа расчета. См. также «Бросок атаки».",,2024-09-26 11:56:12 UTC,2024-09-26 11:56:12 UTC
38,Кампания,,Кампания — это серия приключений. См. также Приключение.,,2024-09-26 11:56:12 UTC,2024-09-26 11:56:12 UTC
37,Истощенный [Состояние],,"Когда у вас есть состояние Истощенный (Истощение), то вы подвергаетесь следующим эффектам: 
**Степени Истощения.** Это состояние накапливается. Каждый раз, когда вы его получаете, то вы получаете 1 степень истощения. Вы умираете, если ваша степень истощения достигает 6. 
**Эффект на D20 Тест.** Когда вы совершаете D20 Тест, то результат броска уменьшается на количество уровней Истощения, умноженных на 2. 
**Скорость уменьшена.** Ваша Скорость уменьшается на количество футов, равное 5, умноженное на вашу степень истощения. 
**Удаление степеней Истощенного.** Окончание продолжительного отдыха снимает 1 степень мстощения. Когда ваша степень истощения достигает 0, то это состояние заканчивается.",,2024-09-26 11:56:12 UTC,2024-09-26 11:56:12 UTC
36,Истинное Зрение,,"Если у вас есть Истинное зрение, то ваш обзор улучшается в пределах указанного радиуса. В этом радиусе ваше зрение проникает сквозь следующее: 
**Тьма.** Вы можете видеть в обычной и магической тьме. 
**Невидимость.** Вы видите существ и объекты, имеющие состояние Невидимый. 
**Визуальные иллюзии.** Визуальные иллюзии кажутся вам прозрачными, и вы автоматически успешно проходите спасброски против них. 
**Превращения.** Вы различаете истинную форму любого существа или объекта, которое было изменено магией. 
**Эфирный План.** Вы видите в Эфирный План. См. также приложение А (Переходные Планы).",,2024-09-26 11:56:12 UTC,2024-09-26 11:56:12 UTC
35,Испуганный [Состояние],,"Когда вы находитесь в состоянии Испуганный, то вы подвергаетесь следующим эффектам: 
**Проверки Характеристик и Атаки.** Вы получаете Помеху на проверки Характеристик и броски атаки, пока источник страха находится в пределах видимости. 
**Невозможность приблизиться.** Вы не можете добровольно приблизиться к источнику страха.",,2024-09-26 11:56:12 UTC,2024-09-26 11:56:12 UTC
34,Использование [Действие],,"Вы обычно взаимодействуете с объектом, делая что-то еще, например, когда вы вытаскиваете меч как часть действия Атака. Когда для использования объекта требуется действие, то вы выполняете действие Использование.",,2024-09-26 11:56:12 UTC,2024-09-26 11:56:12 UTC
33,Инициатива,,"Инициатива определяет порядок ходов во время сражения. Правила сражения в главе 1 объясняют, как бросать Инициативу. Иногда Мастер может попросить участников боя использовать их показатели Инициативы вместо броска Инициативы. Ваш показатель Инициативы равен 10 плюс ваш модификатор Ловкости. Если у вас есть Преимущество на бросок Инициативы, то увеличьте ваш показатель Инициативы на 5. Если у вас есть Помеха на эти броски, уменьшите этот показатель на 5. Смотрите также главу 1 (Сражение).",,2024-09-26 11:56:12 UTC,2024-09-26 11:56:12 UTC
32,Импровизированное оружие,,"Импровизированное оружие — это предмет, который используется, как спонтанное оружие. Например, осколок стекла, ножка стола или сковорода. Простое или Воинское оружие также считается импровизированным, если его используют не по назначению; если вы используете Дальнобойное оружие для рукопашной атаки или бросаете рукопашное оружие, которое не имеет свойства Метательное, это оружие считается импровизированным. Импровизированное оружие подчиняется следующим правилам: 
**Владение.** Не добавляйте ваш Бонус Мастерства к броскам атаки с импровизированным оружием. 
**Урон.** При попадании оружие наносит 1к4 урона того типа, который Мастер сочтет подходящим для объекта. 
**Дальность.** Если вы бросаете оружие, то его обычная дальность составляет 20 футов, а максимальная дальность 60 футов. 
**Эквиваленты Оружия.** Если импровизированное оружие напоминает Простое или Воинское оружие, то Мастер может считать, что оно функционирует как это оружие и подчиняется его правилам. Например, Мастер может считать ножку стола дубинкой.",,2024-09-26 11:56:12 UTC,2024-09-26 11:56:12 UTC
31,Иммунитет,,"Если у вас есть Иммунитет к типу урона или состоянию, то вы их игнорируете.",,2024-09-26 11:56:12 UTC,2024-09-26 11:56:12 UTC
30,Иллюзии,,"Заклинания и другие эффекты иногда создают магические иллюзии. Такое воздействие определяет, что делает иллюзия и какие чувства или умственные способности она обманывает. Если иллюзия проявляется в пространстве, она неосязаема и невесома, однако кажется, что на неё воздействует окружение так, как если бы иллюзия была реальной, если только эффект, создавший её, не указывает на обратное. Например, визуальная иллюзия существа имеет тень и отражения, и ветер, кажется, воздействует на иллюзорное существо. Аналогично, звуковая иллюзия создает эхо в месте, где есть эхо.",,2024-09-26 11:56:12 UTC,2024-09-26 11:56:12 UTC
29,Изучение [Действие],,"Когда вы выполняете действие Изучение, то вы совершаете проверку Интеллекта, чтобы изучить свою память, книгу, улику или другой источник знаний и вспомнить важную информацию об этом. Таблица Области Знаний предлагает, какие навыки применимы к различным областям знаний. 
**Области Знаний** 
**Навык Область знаний** Магия Заклинания, магические предметы, древние символы, магические традиции, планы бытия и определённые существа (Аберрации, Конструкты, Элементали, Феи и Монстры) История Исторические события и люди, древние цивилизации, войны и определённые существа (Великаны и Гуманоиды) Анализ Ловушки, шифры, загадки и механизмы Природа Местность, флора, погода и определённые существа (Звери, Драконы, Слизни и Растения) Религия Божества, религиозные иерархии и обряды, священные символы, культы и определённые существа (Небожители, Исчадия и Нежить)",,2024-09-26 11:56:12 UTC,2024-09-26 11:56:12 UTC
28,Захват,,"Существо может схватить другое существо. Персонажи обычно используют для захвата безоружный удар. Многие монстры обладают особыми атаками, которые позволяют им быстро схватить жертву. Независимо от того, как инициируется захват, он подчиняется следующим правилам. См. также Безоружный удар и Схваченный. 
**Состояние Схваченный.** Успешный захват существа вызывает у него состояние Схваченный. 
**Один захват на руку.** Существо должно иметь свободную руку, чтобы схватить другое существо. Некоторые статблоки и игровые эффекты позволяют существу захватывать с помощью щупальца, пасти или другой части тела. Независимо от того, какую часть тела использует захвативший, он может схватить только одно существо этой частью и не может использовать эту часть для нападения на другое существо, если не прекратит захват. 
**Освобождение от захвата.** Схваченное существо может использовать свое действие, чтобы сделать проверку Силы (Атлетики) или Ловкости (Акробатики) против Сл высвобождения от захвата, прекратив состояние схваченный на себе в случае успеха. Состояние также прекращается, если захвативший получает состояние Недееспособного или если расстояние между схваченным и захватившим превышает дальность захвата.__",,2024-09-26 11:56:12 UTC,2024-09-26 11:56:12 UTC
27,Захвачен врасплох,,"Если для существа начало боя это неожиданность, то это существо захвачено врасплох, что вызывает Помеху на его бросок Инициативы. См. также главу 1 (Сражение).",,2024-09-26 11:56:12 UTC,2024-09-26 11:56:12 UTC
26,Засада [Действие],,"При действии Засада вы пытаетесь скрыться. Для этого вы должны успешно пройти проверку Ловкости (Скрытность) со Сл 15, находясь в условиях сильно заслонённой местности или за укрытием на три четверти или полным укрытием, и вы должны быть вне линии зрения любого врага; если вы видите существо, то вы можете определить, видит ли оно вас. При успешной проверке вы получаете состояние Невидимый. Запомните общий результат своей проверки — это Сл для существа, пытающегося найти вас с помощью проверки Мудрости (Внимательность). Состояние заканчивается немедленно после того, как произойдет одно из следующих событий: вы издаёте звук громче шёпота, враг находит вас, вы совершаете атаку или накладываете заклинание с Вербальным компонентом.",,2024-09-26 11:56:12 UTC,2024-09-26 11:56:12 UTC
25,Занятое пространство,,"Пространство считается занятым, если в нём находится Существо или если оно полностью заполнено Объектами.",,2024-09-26 11:56:12 UTC,2024-09-26 11:56:12 UTC
24,Заклинательная фокусировка,,"Заклинательная фокусировка — это предмет, который некоторые существа могут использовать вместо материальных компонентов заклинания, если эти материалы не расходуются заклинанием и не имеют указанной стоимости. Некоторые классы позволяют использовать определенные типы фокусировок заклинания. См. также главу 7 (Наложение заклинаний).",,2024-09-26 11:56:12 UTC,2024-09-26 11:56:12 UTC
23,Заклинание,,"Заклинание — это магический эффект, который имеет особенности, описанные в главе 7.",,2024-09-26 11:56:12 UTC,2024-09-26 11:56:12 UTC
22,Заговор,,"Заговор — это заклинание 0-го уровня, которое накладывается без использования ячейки заклинаний. См. также главу 7.",,2024-09-26 11:56:12 UTC,2024-09-26 11:56:12 UTC
21,Дружественное [Отношение],,"Дружественное существо относится к вам благосклонно. Вы получаете Преимущество на проверку Характеристики, чтобы повлиять на Дружественное существо. См. также Влияние.__",,2024-09-26 11:56:12 UTC,2024-09-26 11:56:12 UTC
20,Действие,,"В свой ход вы можете совершить одно действие. Выберите, какое действие выполнить, из приведенных ниже или из специальных действий, предоставленных вашими уменями. См. также главу 1 («Действия»). Эти действия определены в другом месте этого глоссария: Атака Уклонение Влияние Поиск Рывок Помощь Магия Изучение Отход Скрытность Подготовка Использование",,2024-09-26 11:56:12 UTC,2024-09-26 11:56:12 UTC
19,Грузоподъёмность,,"Ваш размер и показатель Силы определяют максимальный вес в фунтах, который вы можете нести, как указано в таблице «Грузоподъёмность». В таблице также указаны максимальный вес, который вы можете перетащить, поднять или толкнуть. При перетаскивании, поднятии или толкании веса, превышающего максимальный вес, который вы можете нести, ваша Скорость не может превышать 5 футов. 
**Грузоподъёмность** 
**Размер** 
**существа** 
**Переносимый** 
**вес** 
**Тащить** 
**Поднимать** 
**Толкать** Крошечный Сила x 7.5 фунт. Сила x 15 фунт. Маленький Средний Сила x 15 фунт. Сила x 30 фунт. Большой Сила x 30 фунт. Сила x 60 фунт. Огромный Сила x 60 фунт. Сила x 120 фунт. Колоссальный Сила x 120 фунт. Сила x 240 фунт.",,2024-09-26 11:56:12 UTC,2024-09-26 11:56:12 UTC
18,Горение [Опасность],,"Горящее существо или объект получает 1к4 урона огнём в начале каждого своего хода. Действием вы можете потушить огонь на себе, приняв состояние Лежащий ничком и перекатываясь по земле. Огонь также гаснет, если его потушить, затопить или убрать весь воздух.",,2024-09-26 11:56:12 UTC,2024-09-26 11:56:12 UTC
17,Героическое вдохновение,,"Если вы (Персонаж Игрока) имеете Героическое вдохновение, то вы можете потратить его, чтобы перебросить любую кость сразу после броска, и вы обязаны использовать новый результат. Если вы получаете Героическое вдохновение, но у вас оно уже есть, то оно теряется, если вы не передадите его Персонажу Игрока, который не имеет его.",,2024-09-26 11:56:12 UTC,2024-09-26 11:56:12 UTC
16,Временные хиты,,"Временные хиты предоставляются определенными эффектами и действуют как буфер, защищающий от потери реальных Хитов. См. также главу 1 (Урон и Лечение).",,2024-09-26 11:56:12 UTC,2024-09-26 11:56:12 UTC
15,Враждебное [Отношение],,Враждебное существо относится к вам неблагосклонно. Вы получаете Помеху при проверке Характеристики для влияния на Враждебное существо. См. также Влияние.,,2024-09-26 11:56:12 UTC,2024-09-26 11:56:12 UTC
14,Враг,,"Существо является вашим врагом, если оно сражается против вас в бою, активно пытается навредить вам или назначено вашим врагом по правилам или Мастером.__",,2024-09-26 11:56:12 UTC,2024-09-26 11:56:12 UTC
13,Влияние [Действие],,"С помощью действия Влияния вы убеждаете монстра сделать что-то. Опишите или отыграйте, как вы общаетесь с монстром. Вы пытаетесь обмануть, запугать, развлечь или осторожно убедить его? Затем Мастер определяет, готово ли существо помочь, не готово или колеблется из-за вашего взаимодействия; это определение устанавливает, нужна ли проверка Характеристики, как объяснено ниже. 
**Готовность.** Если ваша просьба совпадает с желаниями монстра, то проверка Характеристики не требуется; монстр выполняет вашу просьбу так, как ему удобно. 
**Нежелание.** Если ваша просьба не приемлема монстру или противоречит его мировоззрению, то проверка Характеристики не требуется; он не подчиняется. 
**Колебание.** ДЃыi[ґµЕсли вы убеждаете монстра сделать что-то, в чем он колеблется, то вам необходимо провести проверку Характеристики, которая зависит от отношения монстра: Равнодушного, Дружественного или Враждебного, каждое из которых определено в этом глоссарии. Таблица Проверок Влияния предлагает, какую проверку Характеристики использовать в зависимости от того, как вы взаимодействуете с монстром. Мастер выбирает проверку, у которой стандартное Сл равно 15 или значению Интеллекта монстра, в зависимости от того, что выше. В случае успешной проверки монстр выполняет просьбу. В случае провала проверки вы должны подождать 24 часа (или время, установленное Мастером), прежде чем снова попытаться убедить его таким же образом. 
**Проверка** 
**Характеристики** 
**Взаимодействие** Харизма (Обман) Обман существа, которое понимает вас Харизма (Запугивание) Запугивание существа Харизма (Выступление) Развлечение существа Харизма (Убеждение) Убеждение существа, которое понимает вас Мудрость (Уход за животными) Мягкое уговаривание Зверя или Монстра",,2024-09-26 11:56:12 UTC,2024-09-26 11:56:12 UTC
12,Владение доспехами,,"Владение доспехами позволяет вам использовать доспехи определённой категории без следующих недостатков. Если вы носите Лёгкие, Средние или Тяжёлые доспехи и не владеете ими, то вы получаете Помеху на любой D20 Тест, связанный с Силой или Ловкостью, и не можете использовать заклинания. Если вы используете Щит и не владеете им, то вы не получаете его бонус к КД. См. также «Помеха» и главу 6 («Доспехи»).",,2024-09-26 11:56:12 UTC,2024-09-26 11:56:12 UTC
11,В День,,"Если правило указывает, что вы можете использовать что-то определённое количество раз в день, то это значит, что вам нужно завершить продолжительный отдых, чтобы использовать это снова после исчерпания всех использований.",,2024-09-26 11:56:12 UTC,2024-09-26 11:56:12 UTC
10,Бросок урона,,"Бросок урона — это бросок кости, скорректированный любыми применимыми модификаторами, который наносит урон цели. См. также главу 1 (Урон и Лечение).",,2024-09-26 11:56:12 UTC,2024-09-26 11:56:12 UTC
9,Бросок атаки,,"Бросок атаки — это D20 Тест, представляющий собой атаку оружием, безоружным ударом или атаку заклинанием. См. также главу 1 («D20 Тесты»).",,2024-09-26 11:56:12 UTC,2024-09-26 11:56:12 UTC
8,Бонусное Действие,,"Бонусное Действие — это особое действие, которое вы можете совершить в тот же ход, что и обычное действие. Вы не можете совершить более одного Бонусного Действия за ход, и у вас есть возможность совершить Бонусное Действие, только если какое-либо правило прямо указывает на это. См. также главу 1 («Действия»).",,2024-09-26 11:56:12 UTC,2024-09-26 11:56:12 UTC
7,Бессознательный [Состояние],,"Когда вы находитесь в состоянии бессознательный, то вы подвергаетесь следующим эффектам: 
**Неактивный.** У вас есть состояния Недееспособный и Лежащий ничком, и вы роняете все, что держите. Когда это состояние заканчивается, то вы остаётесь Лежащим ничком. 
**Скорость 0.** Ваша скорость равна 0 и не может увеличиваться. 
**Атаки.** Броски атаки против вас совершаются с Преимуществом. 
**Спасброски.** Вы автоматически проваливаете спасброски Силы и Ловкости. 
**Критические Удары.** Любая атака, которая попадает по вам, является критическим попаданием, если нападающий находится в пределах 5 футов от вас. 
**Неосведомленность.** Вы не осознаёте своё окружение.",,2024-09-26 11:56:12 UTC,2024-09-26 11:56:12 UTC
6,Безоружный удар,,"Вместо использования оружия для совершения рукопашной атаки, вы можете использовать удар кулаком, ногой, головой или другой подобный силовой удар. В игровых терминах это называется безоружный удар — рукопашная атака, при которой вы используете свое тело, чтобы нанести урон, захватить или толкнуть цель, находящуюся в пределах 5 футов от вас. Когда вы используете свой безоружный удар, то выберите один из следующих эффектов: 
**Урон.** Вы совершаете бросок атаки против цели. Ваш бонус к броску равен вашему модификатору Силы + Бонус мастерства. При попадании цель получает дробящий урон, равный 1 + ваш модификатор Силы. 
**Захват.** Цель должна пройти спасбросок Силы или Ловкости (по её выбору), иначе она получает состояние Схваченный. Сл спасброска и любых попыток высвобождения равна 8 + ваш модификатор Силы + Бонус мастерства. Захват возможен только если цель не больше вас на более чем один размер и если у вас есть свободная рука, чтобы схватить её. См. также раздел Захват. 
**Толчок.** Цель должна пройти спасбросок Силы или Ловкости (по её выбору), иначе вы либо отталкиваете её на 5 футов, либо вызываете у неё состояние Лежащий ничком. Сл спасброска равена 8 + ваш модификатор Силы + Бонус мастерства. Этот толчок возможен только если цель не больше вас на более чем один размер.",,2024-09-26 11:56:12 UTC,2024-09-26 11:56:12 UTC
5,Атака оружием,,"Атака оружием — это бросок атаки, совершенный с использованием оружия. См. также Оружие.",,2024-09-26 11:56:12 UTC,2024-09-26 11:56:12 UTC
4,Атака заклинанием,,"Атака заклинанием — это бросок атаки, выполняемый как часть заклинания или другого магического эффекта. См. также главу 7 («Наложение заклинаний»).",,2024-09-26 11:56:12 UTC,2024-09-26 11:56:12 UTC
3,Атака [Действие],,"Когда вы совершаете действие атака, то вы можете сделать один бросок атаки оружием или безоружным ударом. 
**Экипировка и снятие оружия.** Вы можете экипировать или снять одно оружие, когда совершаете атаку частью действия атака. Вы делаете это либо до, либо после атаки. Если вы экипируете оружие до атаки, то вы не обязаны использовать его для этой атаки. Экипировка оружия включает в себя извлечение его из ножен или поднятие с земли. Снятие оружия включает в себя его укладывание в ножны, упаковку или выбрасывании. 
**Движение между атаками.** Если вы перемещаетесь в свой ход и обладаете особенностью, такой как Дополнительная атака, которая позволяет вам совершать более одной атаки частью действия атака, то вы можете использовать часть или все перемещение, чтобы переместиться между этими атаками.",,2024-09-26 11:56:12 UTC,2024-09-26 11:56:12 UTC
2,D20 Тест,,"D20 Тесты охватывают три основных броска к20 в игре: проверки характеристик, броски атаки и спасброски. Если что-то в игре влияет на D20 Тесты, то это влияет на все три этих броска. Мастер определяет, требуется ли в данной ситуации D20 Тест. См. также главу 1 (D20 Тесты).",,2024-09-26 11:56:12 UTC,2024-09-26 11:56:12 UTC
